{
  "status": "success",
  "analysis_type": "full_classifier_evaluation",
  "model_name": "Model",
  "n_samples": 297,
  "n_positive": 137,
  "n_negative": 160,
  "prevalence": 0.4612794612794613,
  "discrimination": {
    "auc_roc": 0.25205291970802923,
    "auc_roc_ci": {
      "lower": 0.19649692578854136,
      "upper": 0.30760891362751713
    },
    "auc_pr": 0.3228665383280994,
    "average_precision": 0.32752664763493206
  },
  "calibration": {
    "brier_score": 22776.62626262626,
    "hosmer_lemeshow_p": 1.0,
    "calibration_slope": -0.0019598537408473103,
    "well_calibrated": "False"
  },
  "optimal_thresholds": {
    "youden": 195.0,
    "f1_max": 71.0
  },
  "interpretation": {
    "auc_roc": "Fail (no better than chance)",
    "calibration": "Needs recalibration"
  }
}